Position X_sample_1,Position Y_sample_1,Position Z_sample_1,Orientation W_sample_1,Orientation X_sample_1,Orientation Y_sample_1,Orientation Z_sample_1,Position X_sample_0,Position Y_sample_0,Position Z_sample_0,Orientation W_sample_0,Orientation X_sample_0,Orientation Y_sample_0,Orientation Z_sample_0,Trial Number,Machine ID,Subject ID
0.9496750831604004,1.1402859687805176,0.992104947566986,-0.6599306464195251,-0.7294600009918213,0.1368482708930969,-0.1168428286910057,0.2761501371860504,1.1484860181808472,0.870754599571228,-0.6603082418441772,-0.7222509384155273,0.1463993340730667,-0.1446162611246109,1,1,G2
0.8311371207237244,1.1558609008789062,1.5074342489242554,-0.687201976776123,-0.6775079965591431,-0.008424119092524,-0.262040913105011,0.3373605906963348,1.1762163639068604,1.305521845817566,-0.6507173180580139,-0.7245370149612427,0.1259967386722564,-0.1890451312065124,2,2,G2
0.7055896520614624,1.165829300880432,1.388947606086731,-0.6368871927261353,-0.7442525029182434,0.1649037599563598,-0.1151943132281303,0.19992096722126,1.1450834274291992,1.4917610883712769,-0.6350640654563904,-0.7458912134170532,0.174195110797882,-0.0999797582626342,3,3,G2
0.7374051213264465,1.1637119054794312,1.5053929090499878,-0.6427060961723328,-0.7283502221107483,0.2177696228027343,-0.09492839127779,0.3223321139812469,1.1427875757217407,1.8269025087356567,-0.6341071724891663,-0.7452883124351501,0.1979508996009826,-0.0571739897131919,4,4,G2
0.8138130307197571,1.1663070917129517,1.4587302207946775,0.6889639496803284,0.6880410313606262,-0.032357420772314,0.225568875670433,0.6037664413452148,1.16757071018219,1.2677199840545654,0.6229932904243469,0.7511293292045593,-0.1395633369684219,0.1679472178220749,5,2,G2
0.7923612594604492,1.1561259031295776,1.8182027339935305,-0.685347855091095,-0.707036554813385,0.0901864469051361,-0.1492113322019577,0.4273868501186371,1.1584006547927856,1.6837031841278076,-0.6503735184669495,-0.7149686813354492,0.0464698113501071,-0.2523384988307953,6,2,G2
0.3595465719699859,1.1619312763214111,1.7587169408798218,-0.6394242644309998,-0.7339280843734741,0.2258744835853576,-0.0383020713925361,0.0483694523572921,1.1533308029174805,1.8783960342407229,-0.6240967512130737,-0.7568901181221008,0.1749451011419296,-0.0837543606758117,7,4,G2
0.596838653087616,1.1715832948684692,1.2924833297729492,0.6553395390510559,0.7124266028404236,-0.104800671339035,0.2280247956514358,0.2671571969985962,1.1567963361740112,1.2813987731933594,0.6623392105102539,0.7272245287895203,-0.0918648019433021,0.1549587994813919,8,1,G2
0.6814898252487183,1.1647881269454956,1.5819154977798462,0.6509877443313599,0.7294661402702332,-0.2066594660282135,0.0372289530932903,0.2784510850906372,1.1714075803756714,1.7290515899658203,0.612022340297699,0.7509627938270569,-0.2417273074388504,0.0552392527461051,9,4,G2
0.7798399329185486,1.1593390703201294,1.682212471961975,-0.685402512550354,-0.679593026638031,-0.0082325022667646,-0.2613600790500641,0.3896132111549377,1.1712030172348022,1.4677691459655762,-0.6508343815803528,-0.7254028916358948,0.1321508884429931,-0.1809460222721099,10,3,G2
0.6527944803237915,1.1645138263702393,1.5166805982589722,0.6753184199333191,0.7131133675575256,-0.0483117848634719,0.1818802505731582,0.1866301447153091,1.1612221002578735,1.3243293762207031,0.6386841535568237,0.7382168769836426,-0.1380161345005035,0.167541354894638,11,2,G2
0.7435737252235413,1.161448359489441,1.379124402999878,-0.6798501014709473,-0.7013333439826965,0.0531272701919078,-0.2076366245746612,0.317037969827652,1.1701693534851074,1.133569598197937,-0.6475722193717957,-0.7184876799583435,0.088884599506855,-0.2377503663301468,12,1,G2
0.6175002455711365,1.1761813163757324,1.157148361206055,-0.6090781688690186,-0.7446132302284241,0.2636432349681854,-0.0711839795112609,0.397824764251709,1.1606285572052002,1.4315283298492432,-0.6408875584602356,-0.730568528175354,0.2356537878513336,-0.0002792099548969,13,4,G2
0.7369337677955627,1.1591346263885498,1.408440351486206,0.697911262512207,0.6913462281227112,-0.0219254661351442,0.1856867969036102,0.3304865658283233,1.168911337852478,1.2965867519378662,0.6584426760673523,0.7204494476318359,-0.1374330818653106,0.1688727438449859,14,2,G2
0.7036399841308594,1.1672148704528809,1.3333923816680908,0.6160963773727417,0.741569995880127,-0.2641352415084839,0.0270537380129098,0.4137212932109833,1.1588789224624634,1.5089746713638306,0.6500677466392517,0.7299708127975464,-0.1994246691465377,0.0691701844334602,15,3,G2
0.6615580916404724,1.1790088415145874,1.3020522594451904,-0.6500821113586426,-0.6926594376564026,0.0127436593174934,-0.3121759593486786,0.4292949438095093,1.1644704341888428,1.2947230339050293,-0.6568207740783691,-0.7383700609207153,0.1337211728096008,-0.0742625743150711,16,1,G2
0.5798935294151306,1.1716591119766235,1.3915551900863647,-0.629825234413147,-0.7395040392875671,0.1822400689125061,-0.1524549126625061,0.1572060286998748,1.1514551639556885,1.5078617334365845,-0.649511992931366,-0.7351144552230835,0.1191293969750404,-0.1534575223922729,17,2,G2
0.610596776008606,1.1548433303833008,1.2002594470977783,-0.654718816280365,-0.7125795483589172,0.2444870769977569,-0.0616425648331642,0.3095237910747528,1.1571404933929443,1.3573198318481443,-0.6345784068107605,-0.7281954884529114,0.2588901221752167,0.0041792676784098,18,4,G2
0.7587271332740784,1.1726796627044678,1.5489633083343506,0.6499432921409607,0.6998421549797058,-0.0462486892938613,0.2926700413227081,0.389478474855423,1.1622554063796997,1.46285879611969,0.664836049079895,0.7250823974609375,-0.0980026349425315,0.1504794210195541,19,2,G2
0.7794594168663025,1.163717269897461,1.538820743560791,-0.6900572776794434,-0.6917888522148132,0.0438951179385185,-0.2081406712532043,0.5661782622337341,1.1749111413955688,1.33963942527771,-0.626660943031311,-0.746633768081665,0.1559973955154419,-0.1596838235855102,20,2,G2
0.6130785346031189,1.1667276620864868,1.768144130706787,0.6722637414932251,0.6807705760002136,0.0543619282543659,0.2857583165168762,0.4298910498619079,1.1371515989303589,1.7559235095977783,0.6566538214683533,0.6506717205047607,0.1032956317067146,0.3670996427536011,21,1,G2
0.6132436394691467,1.1464136838912964,1.70184063911438,0.6708837151527405,0.7020387649536133,-0.2296952754259109,0.0655493661761283,0.5376691222190857,1.1416324377059937,1.8644224405288696,0.6955544948577881,0.6859543323516846,-0.0406281575560569,0.2098094075918197,22,3,G2
0.5959796905517578,1.149363398551941,1.5269854068756104,-0.673895537853241,-0.7142862677574158,0.1560065001249313,-0.1064049080014228,0.034510463476181,1.15702486038208,1.4829111099243164,-0.6414861679077148,-0.7342909574508667,0.1303266882896423,-0.1797980815172195,23,1,G2
0.7609183192253113,1.163813591003418,1.6582266092300415,0.6699255704879761,0.7229330539703369,-0.0654325559735298,0.1558403968811035,0.2616150975227356,1.170332670211792,1.4637223482131958,0.6500283479690552,0.7245508432388306,-0.1162144094705581,0.1974421441555023,24,1,G2
0.4372814893722534,1.168020248413086,1.2848531007766724,0.5691418051719666,0.7592127323150635,-0.3151144683361053,-0.0194036476314067,0.3183300793170929,1.1533498764038086,1.3861004114151,0.6621853113174438,0.7099922299385071,-0.1627295762300491,0.1758999079465866,25,2,G2
0.7160502672195435,1.157829761505127,1.7769502401351929,0.6432010531425476,0.7343513369560242,-0.2156006544828415,0.023174287751317,0.2028076350688934,1.1566802263259888,1.8248234987258911,0.6198972463607788,0.7482735514640808,-0.2266501933336258,0.0666617602109909,26,4,G2
0.6415842771530151,1.1512479782104492,1.8484169244766235,-0.6548463106155396,-0.6982957124710083,0.0086722178384661,-0.2889362871646881,0.0214290972799062,1.138600468635559,1.7039096355438232,-0.6608124375343323,-0.7200388312339783,0.1076067239046096,-0.1824608296155929,27,3,G2
0.6060014367103577,1.1545416116714478,1.5765856504440308,-0.6116841435432434,-0.7429293394088745,0.271723985671997,-0.0080446042120456,0.2540300786495209,1.1354897022247314,1.8222135305404663,-0.6321441531181335,-0.7373114228248596,0.2365966737270355,-0.0280670635402202,28,4,G2
0.6812666654586792,1.1486022472381592,1.8045021295547483,0.6380513906478882,0.7265061736106873,-0.0690959766507148,0.2455707490444183,0.054979208856821,1.130872130393982,1.6275089979171753,0.6652479767799377,0.7082151770591736,-0.0781851708889007,0.223077192902565,29,3,G2
0.5377165079116821,1.1507928371429443,1.5983580350875854,-0.6821101307868958,-0.7062153220176697,0.0726606175303459,-0.1752317696809768,0.0808359161019325,1.1504840850830078,1.5267655849456787,-0.6361325979232788,-0.7409967184066772,0.155637189745903,-0.1484463214874267,30,3,G2
0.5345880389213562,1.1500457525253296,1.6335890293121338,0.651813268661499,0.6536763906478882,0.117896169424057,0.3659878373146057,0.158376932144165,1.1583893299102783,1.4167075157165527,0.6263288259506226,0.7489296197891235,-0.1561463326215744,0.1497829556465149,31,1,G2
0.6364749670028687,1.1500533819198608,1.5301377773284912,0.6590434312820435,0.7149574756622314,-0.2215507626533508,0.0735721141099929,0.264843612909317,1.1332720518112185,1.6228375434875488,0.6360619068145752,0.7379770874977112,-0.1877645552158355,0.1247378811240196,32,2,G2
0.6885724067687988,1.147575855255127,1.6850976943969729,0.6522678732872009,0.7299907207489014,-0.1941120773553848,0.0630930140614509,0.1362055093050003,1.1551201343536377,1.6645474433898926,0.6229590177536011,0.7486410140991211,-0.1825510859489441,0.1346625089645385,33,2,G2
0.6267297863960266,1.1574167013168335,1.1236975193023682,0.5761019587516785,0.7372649312019348,-0.3526627421379089,-0.0132636129856109,0.3531880974769592,1.1573402881622314,1.362167239189148,0.651328444480896,0.7270126938819885,-0.2094349563121795,0.0579736679792404,34,1,G2
0.5802984237670898,1.167704701423645,0.936581254005432,0.467236191034317,0.6624656915664673,-0.4935436546802521,-0.3150307834148407,0.3831624090671539,1.162153959274292,1.176060914993286,0.5411534905433655,0.7478695511817932,-0.3797468543052673,-0.0603025779128074,35,2,G2
0.6661409735679626,1.1546955108642578,0.9816140532493592,0.6168724298477173,0.7284020185470581,-0.297159194946289,0.0243994183838367,0.267813503742218,1.1565229892730713,1.1577212810516355,0.6381709575653076,0.7360566258430481,-0.2230335175991058,0.0348501466214656,36,3,G2
0.6396427154541016,1.1600197553634644,1.2088950872421265,0.636506974697113,0.7341919541358948,-0.2182903587818145,0.0903900489211082,0.2754359841346741,1.1547441482543943,1.3079674243927002,0.636454164981842,0.7332985401153564,-0.2374927997589111,0.0282257162034511,37,3,G2
0.4866032004356384,1.1569054126739502,1.4265705347061155,-0.6537691950798035,-0.7300922274589539,0.1936159580945968,-0.0454326383769512,0.0290011577308177,1.1448957920074463,1.4982995986938477,-0.623611569404602,-0.7491594552993774,0.2155353873968124,-0.0584229528903961,38,3,G2
0.8238340616226196,1.1610207557678225,1.499847173690796,-0.629093587398529,-0.7371432185173035,0.2228713929653167,-0.1057810261845588,0.4290781915187835,1.1552804708480835,1.517566204071045,-0.6630523204803467,-0.7237135767936707,0.1707289069890976,-0.0863254815340042,39,3,G2
0.6604100465774536,1.1543352603912354,1.4105942249298096,-0.6007898449897766,-0.7522578239440918,0.2702875435352325,0.0102135417982935,0.2178317904472351,1.1486835479736328,1.396287441253662,-0.6298844218254089,-0.740895688533783,0.1999816745519638,-0.1196936964988708,40,1,G2
0.5634633302688599,1.1522941589355469,1.3020062446594238,-0.6204860806465149,-0.7423974871635437,0.2526580393314361,0.002633363706991,0.2056293040513992,1.168211817741394,1.2933247089385986,-0.6029368042945862,-0.7618988156318665,0.2040362507104873,-0.119777575135231,41,2,G2
0.6529711484909058,1.1538777351379397,1.1320605278015137,-0.6450893878936768,-0.7267380356788635,0.2189779281616211,-0.0880919247865676,0.2836290597915649,1.1505134105682373,1.207939386367798,-0.6453015208244324,-0.7250850796699524,0.2398218512535095,-0.017974816262722,42,3,G2
0.8368128538131714,1.1540248394012451,1.0306365489959717,-0.6403564810752869,-0.7256146669387817,0.2477289587259292,-0.0453575737774372,0.5694223046302795,1.150379300117493,1.035294771194458,-0.6233054995536804,-0.7471935749053955,0.201772466301918,-0.1117139160633087,43,1,G2
0.7017676830291748,1.160311937332153,0.8848013877868652,-0.601952850818634,-0.74403315782547,0.2885233163833618,-0.0286678355187177,0.3186426162719726,1.1470530033111572,1.1259084939956665,-0.6598016619682312,-0.714562714099884,0.2291120588779449,-0.0396196842193603,44,2,G2
0.6384935975074768,1.151941180229187,1.497408390045166,-0.6070809960365295,-0.7538080215454102,0.249651163816452,-0.0300070382654666,0.0909091681241989,1.1415940523147583,1.529018521308899,-0.6313478946685791,-0.7491647005081177,0.1731003820896148,-0.1009373888373375,45,2,G2
0.9183560013771056,1.1407592296600342,1.5389336347579956,0.6864465475082397,0.6998903155326843,-0.1667571663856506,0.1055309772491455,0.5513525605201721,1.1578917503356934,1.4963276386260986,0.6378518342971802,0.7377139925956726,-0.1199498400092125,0.18583644926548,46,3,G2
0.8272523880004883,1.1689141988754272,1.571113348007202,-0.6449771523475647,-0.62340247631073,-0.077406533062458,-0.435180515050888,0.3989892899990082,1.1508926153182983,1.3061363697052002,-0.6773130893707275,-0.7050724625587463,0.0591879226267337,-0.2015358507633209,47,2,G2
0.8968901038169861,1.1556346416473389,1.4693788290023804,-0.6359776854515076,-0.7259518504142761,0.2615483105182647,0.0109003679826855,0.4770095348358154,1.162340521812439,1.424382567405701,-0.6469487547874451,-0.7303420901298523,0.1683742105960846,-0.1403847783803939,48,1,G2
0.5924274921417236,1.144192814826965,1.572657585144043,-0.6384052038192749,-0.7400187253952026,0.1724032908678054,-0.1228342503309249,0.0119762886315584,1.1448278427124023,1.5863890647888184,-0.6478351354598999,-0.7361282706260681,0.1631373465061187,-0.1086791604757309,49,1,G2
0.5785769820213318,1.1657174825668335,1.2712794542312622,-0.5655462145805359,-0.7445045113563538,0.3512775003910064,0.0497475489974021,0.3896847665309906,1.1530661582946775,1.426721453666687,-0.6045057773590088,-0.741362988948822,0.2913927733898163,0.0066326153464615,50,3,G2
0.9214920997619628,1.16962730884552,1.4805203676223757,0.6491952538490295,0.6446878910064697,0.0402320064604282,0.401627242565155,0.4974096417427063,1.1498470306396484,1.3531726598739624,0.666206955909729,0.7296451330184937,-0.1202380284667015,0.0965873897075653,51,2,G2
0.743887186050415,1.1425836086273191,1.644575119018555,0.6508801579475403,0.7282159328460693,-0.1875503808259964,0.1043142452836036,0.3559585809707641,1.1536133289337158,1.5891765356063845,0.6528444290161133,0.7189047932624817,-0.1693345606327057,0.1682136505842209,52,2,G2
0.9242549538612366,1.1482349634170532,1.4216974973678589,0.6149344444274902,0.7397497892379761,-0.2731497585773468,0.0038934194017201,0.4636180400848388,1.1669915914535522,1.4041811227798462,0.6209453344345093,0.7490296959877014,-0.1921826004981994,0.1282469630241394,53,1,G2
0.5836766958236694,1.1563204526901243,1.3408552408218384,0.5839030742645264,0.7397744059562683,-0.3223870396614074,-0.0886432975530624,0.2313311696052551,1.1513274908065796,1.435606837272644,0.5886732935905457,0.7604851126670837,-0.2717455923557281,0.0357841774821281,54,3,G2
0.5903639197349548,1.1462059020996094,1.6122697591781616,-0.6518005132675171,-0.7327113747596741,0.1014597415924072,-0.167320117354393,0.0648981556296348,1.1348435878753662,1.459136962890625,-0.6330223083496094,-0.7465334534645081,0.172127828001976,-0.1110972836613655,55,3,G2
0.3274163007736206,1.1649495363235474,1.4940574169158936,0.6510697603225708,0.7296271324157715,-0.1305909305810928,0.1633968353271484,0.0028501418419182,1.1460143327713013,1.5155129432678225,0.6331541538238525,0.7468776106834412,-0.1853738576173782,0.08322474360466,56,1,G2
0.685299277305603,1.15656840801239,1.436057448387146,0.6101750135421753,0.7374662160873413,-0.2866292297840118,-0.0409110486507415,0.3439735770225525,1.1572405099868774,1.38280987739563,0.5992602109909058,0.7522953748703003,-0.2683289647102356,0.0542084611952304,57,3,G2
0.5353774428367615,1.1673877239227295,1.5027028322219849,-0.649289071559906,-0.6822851300239563,0.0180515479296445,-0.335536777973175,0.2464046478271484,1.1519232988357544,1.3866294622421265,-0.6750338673591614,-0.7204870581626892,0.0911722034215927,-0.1300594955682754,58,1,G2
0.8218873739242554,1.141097903251648,1.3826724290847778,-0.6283636689186096,-0.7044053673744202,0.3255037069320678,0.0549514405429363,0.5168812274932861,1.1521154642105105,1.4373064041137695,-0.6373443007469177,-0.7341779470443726,0.2202010750770568,-0.0792883113026619,59,2,G2
0.652779757976532,1.1499531269073486,1.110510230064392,-0.6167318224906921,-0.722617506980896,0.3121273517608642,0.006516967434436,0.3526076674461365,1.1585068702697754,1.2345445156097412,-0.6237916350364685,-0.7484793066978455,0.223473846912384,-0.0268729422241449,60,2,G2
0.6437633633613586,1.1521868705749512,1.6570965051651,0.6695548295974731,0.7114704847335815,-0.0283725056797266,0.2114262729883194,0.1185415163636207,1.1473828554153442,1.414352297782898,0.6453822255134583,0.7312283515930176,-0.1173916310071945,0.1870995908975601,61,2,G2
0.6181187629699707,1.1521947383880615,1.1829017400741575,0.4331536591053009,0.6412492990493774,-0.5337159633636475,-0.3410637676715851,0.3064280450344085,1.157332181930542,1.1868131160736084,0.5545815825462341,0.759498119354248,-0.3391214609146118,-0.0244695134460926,62,2,G2
0.546812891960144,1.1576930284500122,1.085186004638672,0.4865689277648926,0.6660877466201782,-0.482570469379425,-0.2944547832012176,0.4320351779460907,1.165072679519653,1.1925979852676392,0.6181023716926575,0.7461897134780884,-0.2371754348278045,0.0699870660901069,63,2,G2
0.6041408777236938,1.1540542840957642,1.2327488660812378,0.6039661169052124,0.7303299307823181,-0.3129670321941376,-0.0624087117612361,0.2114894837141037,1.1486443281173706,1.310839056968689,0.591037392616272,0.7559376358985901,-0.2814835608005523,-0.0003165772359352,64,3,G2
0.892431378364563,1.174266338348389,1.521533727645874,-0.6394613981246948,-0.6315141320228577,-0.0913689956068992,-0.4288715720176697,0.6475931406021118,1.1380611658096311,1.3790252208709717,-0.6637957096099854,-0.7220826745033264,0.0707527473568916,-0.1815651357173919,65,1,G2
0.4492031037807464,1.151586890220642,1.2778342962265017,-0.6062357425689697,-0.7298761010169983,0.3128032982349396,0.0437405556440353,0.0802866593003273,1.145375370979309,1.4917223453521729,-0.6180229783058167,-0.752012312412262,0.2170171439647674,-0.0736811310052871,66,2,G2
0.7087289690971375,1.1536855697631836,0.8834133148193359,-0.5526936650276184,-0.7067704200744629,0.4153262972831726,0.1500314772129058,0.4109367728233337,1.1485710144042969,1.0763365030288696,-0.6055792570114136,-0.7438037395477295,0.2828746438026428,0.0034194167237728,67,3,G2
0.729892909526825,1.1574980020523071,0.8944846391677856,-0.5999390482902527,-0.7209429144859314,0.3371945321559906,0.0813289657235145,0.4926610291004181,1.1490461826324463,0.9248903393745422,-0.5814489126205444,-0.7586976289749146,0.2936655580997467,0.0074584600515663,68,2,G2
0.7179828882217407,1.1582895517349243,1.103010892868042,-0.6497969627380371,-0.726380467414856,0.1849145293235778,-0.1262616962194442,0.2908466458320617,1.1573729515075684,1.1025601625442505,-0.6480582356452942,-0.7374814748764038,0.1704939752817154,-0.0841041877865791,69,2,G2
0.5421593189239502,1.1530022621154783,1.023952841758728,-0.4078979194164276,-0.6028682589530945,0.5623894333839417,0.3922848403453827,0.4107316136360168,1.146738886833191,1.130749225616455,-0.5930606722831726,-0.7342635989189148,0.3233532309532165,0.0676664784550666,70,3,G2
0.6488937139511108,1.1645376682281494,1.7012314796447754,0.6217427849769592,0.7548791766166687,-0.1506950110197067,0.14451465010643,0.3495331406593323,1.1362627744674685,1.6198837757110596,0.6598348617553711,0.720909595489502,-0.1750036180019378,0.1195033639669418,71,2,G2
0.4013603925704956,1.1366387605667114,1.4053568840026855,0.6831003427505493,0.7026950120925903,-0.197660207748413,0.0228964630514383,0.0187315605580806,1.1606117486953735,1.3799176216125488,0.6237912178039551,0.7610132694244385,-0.1553908288478851,0.0871608331799507,72,2,G2
0.400912344455719,1.1621805429458618,1.285597801208496,-0.6549085378646851,-0.7284107804298401,0.0982550382614135,-0.1756658256053924,0.2580800652503967,1.1476467847824097,1.1817762851715088,-0.6359195709228516,-0.7383924722671509,0.1863586157560348,-0.1251135617494583,73,1,G2
0.7350029945373535,1.1425873041152954,1.2243062257766724,-0.6455824375152588,-0.7232857346534729,0.2447874546051025,-0.0126545969396829,0.4107899963855743,1.1524766683578491,1.173045635223389,-0.6332353353500366,-0.734408438205719,0.2406723946332931,-0.041642565280199,74,2,G2
0.5400370359420776,1.1466434001922607,0.9616903066635132,-0.6231420636177063,-0.724591851234436,0.2934426963329315,0.0234966967254877,0.3767069578170776,1.1635382175445557,1.0891478061676023,-0.6016589403152466,-0.7657778263092041,0.2131417989730835,-0.0784946158528328,75,3,G2
-0.7966369390487671,0.614019513130188,-0.1138096824288368,0.0167998597025871,0.0148421637713909,0.1098075360059738,-0.9937000274658204,-0.6836400032043457,0.6171388030052185,-0.1526907384395599,0.0432693772017955,-0.0030680031049996,0.0816114842891693,-0.9957197904586792,1,3,M1
-0.6595371961593628,0.6277146339416504,0.1353508979082107,-0.0459398925304412,-0.0145280649885535,-0.0847884640097618,0.9952333569526672,-0.5643478631973267,0.6198946833610535,0.1552729308605194,-0.0189136154949665,-0.0221854969859123,-0.0632835626602172,0.997569739818573,2,2,M1
-0.734524667263031,0.6180902123451233,0.2695719003677368,0.0120292594656348,0.0400408431887626,0.0893279910087585,-0.9951243996620178,-0.6136464476585388,0.6217399835586548,0.2801222503185272,0.0346401557326316,0.015021501109004,0.0697695016860961,-0.9968483448028564,3,1,M1
-0.7976431250572205,0.6196061372756958,-0.3772591650485992,-0.0245642866939306,0.0251246988773345,-0.0938229039311409,0.9949687123298644,-0.6852105855941772,0.6173898577690125,-0.3608920872211456,-0.0047196568921208,0.0035232598893344,-0.0761916115880012,0.9970757961273192,4,4,M1
-0.6897217631340027,0.6332770586013794,0.1156440302729606,0.0360643193125724,0.0450215078890323,0.0517923608422279,-0.996990442276001,-0.5966242551803589,0.6319300532341003,0.1268684417009353,0.0200521983206272,0.0556453950703144,0.0671178251504898,-0.9959903359413148,5,1,M1
-0.7888594269752502,0.6264346837997437,0.0258660614490509,-0.028496578335762,-0.0312353558838367,-0.0626346841454505,0.9971405863761902,-0.6798823475837708,0.610123872756958,0.0418025404214859,-0.0116847343742847,-0.0373125150799751,-0.0663312524557113,0.9970313310623168,6,2,M1
-0.8078140020370483,0.6135205030441284,-0.3339752852916717,0.0146173639222979,-0.0365543253719806,0.1012424677610397,-0.9940826296806335,-0.6889946460723877,0.6213196516036987,-0.3228826522827148,-0.0091571826487779,-0.0268709938973188,0.0713647454977035,-0.9970462918281556,7,4,M1
-0.7288257479667664,0.6297581791877747,0.0995508506894111,-0.0291508212685585,-0.0878079533576965,-0.0739223137497901,0.9929630160331726,-0.6200488805770874,0.6122655868530273,0.1337782889604568,-0.0072663524188101,-0.0888882800936698,-0.0805580168962478,0.9927520155906676,8,1,M1
-0.6723767518997192,0.6247704029083252,-0.0055588614195585,0.0054586417973041,-0.0311947204172611,-0.1075402423739433,0.9936962723731996,-0.5763754844665527,0.6380654573440552,4.81511524412781e-05,0.0069259274750947,-0.062444943934679,-0.1006222143769264,0.992938995361328,9,2,M1
-0.7637943029403687,0.606160581111908,-0.4066329896450043,-0.0277755539864301,-0.0229408536106348,-0.0916427671909332,0.9951401948928832,-0.6379961967468262,0.6118947267532349,-0.436361014842987,-0.0228028949350118,0.02750257961452,-0.0673306062817573,0.9970909357070924,10,4,M1
-0.7131665349006653,0.6277980804443359,0.1367736607789993,-0.0447795018553733,0.0532267764210701,-0.0701515674591064,0.9951083064079284,-0.6143997311592102,0.6320682168006897,0.1154062375426292,-0.0344001613557338,-0.0040833526290953,-0.0672000274062156,0.9971380233764648,11,2,M1
-0.7378705143928528,0.6136005520820618,0.3138441145420074,0.02279057726264,-0.0347138457000255,0.101423867046833,-0.9939762353897096,-0.6289326548576355,0.6256811022758484,0.3310913145542145,0.0130291962996125,-0.0166427548974752,0.0968504101037979,-0.9950745701789856,12,1,M1
-0.7962899208068848,0.6327645182609558,-0.074249729514122,-0.0086714178323745,-0.0618214532732963,-0.0915696695446968,0.9938399791717528,-0.6869620680809021,0.6172205209732056,-0.0721273273229599,-0.0263941958546638,-0.0807588323950767,-0.1100320219993591,0.9902899861335754,13,2,M1
-0.6800123453140259,0.6321330666542053,0.4443438351154327,-0.0122141605243086,-0.3008547127246856,0.0476378165185451,-0.9524011015892028,-0.5966421961784363,0.6234045624732971,0.3818863034248352,0.0109279667958617,-0.2942176759243011,0.0502478294074535,-0.9543540477752686,14,4,M1
-0.8237064480781555,0.6316689252853394,-0.2464925199747085,0.0260413829237222,0.0824037194252014,0.1137875616550445,-0.9897392988204956,-0.675929844379425,0.612097978591919,-0.2049867212772369,0.0023617544211447,0.0887619107961654,0.1065896600484848,-0.9903305172920228,15,3,M1
-0.7011973857879639,0.6155738234519958,0.0615234114229679,-0.0227001905441284,0.1217878460884094,0.1237383410334587,-0.9845513701438904,-0.6034403443336487,0.635580837726593,0.1052451953291893,-0.0084374612197279,0.0366741418838501,0.09921295940876,-0.9943543672561646,16,2,M1
-0.7042052745819092,0.633004367351532,0.2184611111879348,0.0014726710505783,-0.1223477721214294,-0.0983417034149169,0.9876020550727844,-0.5929272770881653,0.618576169013977,0.2378240525722503,-0.0134137105196714,-0.1021792814135551,-0.1069327741861343,0.9889109134674072,17,1,M1
-0.7279634475708008,0.6150457262992859,0.3036969304084778,0.0261190254241228,-0.0732581093907356,0.088031880557537,-0.9930768013000488,-0.6063823699951172,0.6147816181182861,0.2588862478733063,0.0513732060790061,-0.0788169354200363,0.0540388561785221,-0.9940968751907348,18,2,M1
-0.7735051512718201,0.6290055513381958,-0.2593756914138794,0.0096919843927025,0.0047104600816965,-0.0887564793229103,0.995995044708252,-0.665128767490387,0.6311649084091187,-0.2684340476989746,-0.0123595790937542,0.0105540761724114,-0.1074807867407798,0.994074285030365,20,4,M1
-0.8022112250328064,0.6254435181617737,0.0700820907950401,-0.0408730432391166,0.0596507973968982,-0.0864747986197471,0.993626356124878,-0.6765570044517517,0.6064382195472717,0.0717012733221054,-0.027378199622035,0.0554683879017829,-0.0805572345852851,0.994828760623932,21,3,M1
-0.6924524903297424,0.6217163801193237,0.0456312447786331,-0.0074306707829236,0.0855661705136299,0.0815580263733863,-0.992961049079895,-0.5897163152694702,0.6301558017730713,0.0642396435141563,0.0063841873779892,0.0580832734704017,0.0857873558998107,-0.9945985078811646,22,2,M1
-0.7508897185325623,0.6045780181884766,0.3982537090778351,0.0164280626922845,0.0697532296180725,0.080774188041687,-0.9941529631614684,-0.6276513338088989,0.6220687031745911,0.4180375933647156,0.0021533395629376,0.0416135527193546,0.0763453319668769,-0.9962103366851808,23,1,M1
-0.7112895846366882,0.6096284985542297,0.2331955134868621,0.0453376658260822,-0.2034010142087936,0.0560529381036758,-0.9764376878738404,-0.6103069186210632,0.6270860433578491,0.1706607192754745,0.0596230290830135,-0.2131265550851822,0.0316805094480514,-0.97468900680542,24,4,M1
-0.7210190296173096,0.6130561232566833,-0.1868302375078201,0.0097538847476243,-0.0413026064634323,-0.0750310868024826,0.9962778091430664,-0.6100706458091736,0.6314196586608887,-0.1771837919950485,-0.0027504900936037,-0.0245338194072246,-0.0663207843899726,0.9974929094314576,25,3,M1
-0.7870697975158691,0.6291102170944214,0.245147094130516,-0.0493553057312965,0.0034052974078804,-0.0972294881939888,0.9940316081047058,-0.664152204990387,0.6059547066688538,0.25177001953125,-0.024466261267662,-0.0011948450701311,-0.0963243171572685,0.9950485229492188,26,2,M1
-0.78950434923172,0.6298106908798218,-0.0188083071261644,-0.0310878902673721,-0.1129732280969619,-0.0929795950651168,0.9887494444847108,-0.681016206741333,0.6111393570899963,0.0264527574181556,-0.0098030306398868,-0.106969453394413,-0.1017610654234886,0.9889925122261048,27,1,M1
-0.7362186908721924,0.6114484667778015,-0.0741485059261322,-0.0294130593538284,0.1310676485300064,-0.0832373574376106,0.9874349236488342,-0.6211899518966675,0.6250829696655273,-0.1141668409109115,-0.0432052090764045,0.1274309307336807,-0.0609904266893863,0.989027202129364,28,4,M1
-0.7561554312705994,0.6139647364616394,-0.2025279700756073,-0.0204112138599157,-0.0356513150036335,-0.0805922821164131,0.9959002137184144,-0.6268180012702942,0.6109472513198853,-0.1699595302343368,-0.006950915325433,-0.0452605672180652,-0.0463576279580593,0.9978748559951782,29,3,M1
-0.6839606165885925,0.6103729009628296,0.2994493544101715,-0.0058364043943583,0.0444750152528286,0.0569399446249008,-0.9973694682121276,-0.580145537853241,0.6280070543289185,0.3219354152679443,-0.0024206375237554,0.0203688219189643,0.0632302686572074,-0.9977881908416748,30,1,M1
-0.7828715443611145,0.6200717091560364,-0.4914753437042236,0.0123340422287583,0.024344976991415,0.0775582715868949,-0.9966142773628236,-0.6667454242706299,0.6139320731163025,-0.4942810833454132,0.0404298640787601,-0.005031993612647,0.0466313622891902,-0.9980810284614564,31,4,M1
-0.7169270515441895,0.6079448461532593,0.181964710354805,0.0325562693178653,0.0909478738903999,0.0507641807198524,-0.9940279722213744,-0.5997342467308044,0.6268796324729919,0.1933584958314895,0.0468999706208705,0.0491175018250942,0.0268255975097417,-0.9973305463790894,33,1,M1
-0.7465733289718628,0.6170873045921326,0.2312124967575073,0.0361955277621746,-0.0945493206381797,0.084225408732891,-0.9912903308868408,-0.6189953088760376,0.6111986041069031,0.1938370317220688,0.0649569034576416,-0.0855609700083732,0.0582880638539791,-0.9925031065940856,34,2,M1
-0.7350890040397644,0.6236979961395264,-0.3304085433483124,-0.0207752250134944,0.0331679098308086,-0.0606183186173439,0.9973934888839722,-0.6100195646286011,0.6128777265548706,-0.3557649254798889,-0.0360389724373817,0.042925126850605,-0.0304969791322946,0.997962236404419,35,4,M1
-0.8220359086990356,0.6339080333709717,-0.1112135723233223,-0.0499019734561443,0.0047977566719055,-0.0886776894330978,0.9947980642318726,-0.7026183605194092,0.6153254508972168,-0.1137631684541702,-0.0398490726947784,-0.0126126306131482,-0.1009674742817878,0.9940113425254822,36,3,M1
-0.698716402053833,0.6089469790458679,0.1121673285961151,-0.0293089672923088,-0.0719196051359176,-0.0979373082518577,0.9921576380729676,-0.5661473274230957,0.6238738894462585,0.0970966815948486,-0.0394864231348037,-0.0629053860902786,-0.0756340101361274,0.9943658113479614,37,1,M1
-0.6797350645065308,0.6336058974266052,0.3493904173374176,0.0638694465160369,-0.1088142096996307,0.0620373822748661,-0.9900664687156676,-0.5751447677612305,0.6234138607978821,0.3207495808601379,0.0498547628521919,-0.088932991027832,0.0854927748441696,-0.9911086559295654,38,2,M1
-0.7924740314483643,0.6148983836174011,-0.3703102469444275,-0.0201322138309478,-0.0606412850320339,-0.0810673162341117,0.9946584105491638,-0.6659095287322998,0.612463116645813,-0.376745343208313,-0.033018771559,-0.0293548684567213,-0.0389280952513217,0.9982648491859436,39,3,M1
-0.7459136247634888,0.6104391813278198,-0.1956526339054107,0.0339325517416,-0.058037769049406,0.0676608979701995,-0.9954407215118408,-0.6279757022857666,0.6239978075027466,-0.2316550314426422,0.0440041311085224,-0.0767627954483032,0.0460778400301933,-0.995011568069458,41,4,M1
-0.7608575224876404,0.6096981763839722,-0.2763046026229858,0.0244086403399705,0.1169134005904197,0.0835496932268142,-0.9893205165863036,-0.635777473449707,0.6271329522132874,-0.277601808309555,0.044906910508871,0.0905933082103729,0.0711932778358459,-0.9923244714736938,43,3,M1
-0.7543796300888062,0.6334604024887085,0.0913409888744354,-0.0049039586447179,0.150018885731697,0.0918054953217506,-0.9843993186950684,-0.6686016321182251,0.6274349689483643,0.1145335286855697,0.0061357272788882,0.1303701102733612,0.1146658509969711,-0.9847933053970336,44,1,M1
-0.7505211234092712,0.6318959593772888,-0.0899853110313415,-0.0001847398089012,-0.1296348869800567,-0.0977474749088287,0.9867320656776428,-0.6467015743255615,0.6178439259529114,-0.075649157166481,-0.023802189156413,-0.1181511953473091,-0.1072458699345588,0.986900269985199,45,2,M1
-0.7429726719856262,0.6321548819541931,0.159559741616249,0.0039210678078234,0.0734085366129875,0.0845439359545707,-0.993704319000244,-0.6397277116775513,0.6192063093185425,0.1672352701425552,0.0249178204685449,0.0580588914453983,0.0951163247227668,-0.993459165096283,46,1,M1
-0.7123416662216187,0.6216246485710144,0.1390861123800277,-0.0122654819861054,-0.1941263973712921,-0.0939289703965187,0.9763922691345216,-0.600450873374939,0.6155467629432678,0.1550653129816055,-0.0354454964399337,-0.1645197719335556,-0.0697637423872947,0.983264982700348,47,1,M1
-0.7673604488372803,0.6292802691459656,0.0074327662587165,-0.0078114024363458,0.2490650862455368,0.0968465209007263,-0.9636006951332092,-0.6735013723373413,0.61664879322052,0.0323496237397193,0.0193949155509471,0.2139551639556884,0.0965066999197006,-0.9718711972236632,48,1,M1
-0.7871578931808472,0.6292247176170349,-0.4527454972267151,0.0103230653330683,0.0126657765358686,0.0777089372277259,-0.9968422651290894,-0.6993690133094788,0.6184570789337158,-0.4637427926063537,0.0306003503501415,0.021237825974822,0.086701862514019,-0.9955377578735352,49,4,M1
-0.7244561314582825,0.6210657358169556,-0.0730031952261924,0.0177936162799596,0.0615272521972656,0.0726644322276115,-0.9952978491783142,-0.6062997579574585,0.613711953163147,-0.0763397216796875,0.0415707342326641,0.0633001253008842,0.0450054518878459,-0.9961121678352356,50,2,M1
-0.6815500259399414,0.6314308047294617,0.4154108762741089,0.0040185996331274,-0.0239780768752098,0.0821334272623062,-0.9963247179985046,-0.6069349646568298,0.6227125525474548,0.4017081260681152,0.0210618749260902,-0.0349391140043735,0.0903000012040138,-0.9950786828994752,51,1,M1
-0.7244240045547485,0.6281501650810242,-0.0200497284531593,-0.0627993568778038,0.195162147283554,-0.054797675460577,0.9772232174873352,-0.6246929168701172,0.6098731756210327,-0.0528769269585609,-0.0308175235986709,0.1908911913633346,-0.0358882881700992,0.9804707765579224,52,4,M1
-0.7024758458137512,0.6341716647148132,-0.2490132600069046,0.0269381739199161,0.1390610188245773,0.085663229227066,-0.986203908920288,-0.613221287727356,0.6176013350486755,-0.202893391251564,0.0116401156410574,0.1409222483634948,0.1027406826615333,-0.984606385231018,53,2,M1
-0.7353816628456116,0.6329988241195679,-0.0216484926640987,-0.0073212590068578,0.0647550895810127,-0.0744325295090675,0.9950945377349854,-0.639866054058075,0.6292204856872559,-0.0431658253073692,-0.0252181384712457,0.0634127557277679,-0.1031940057873725,0.9923174381256104,54,3,M1
-0.780301570892334,0.633686900138855,-0.2959529459476471,-0.0145340049639344,0.206842839717865,0.0812465772032737,-0.9748865365982056,-0.6798021197319031,0.6189168691635132,-0.2644123136997223,0.011327788233757,0.202806293964386,0.1062560901045799,-0.9733709692955016,55,1,M1
-0.6482264995574951,0.6246584057807922,0.4797305762767792,-0.0091017186641693,0.0234175063669681,-0.0869442224502563,0.995896339416504,-0.5492096543312073,0.6144458055496216,0.4604695737361908,-0.0371455810964107,0.0354118458926677,-0.0767397955060005,0.9957295060157776,57,1,M1
-0.7706734538078308,0.630094051361084,0.0117856077849864,0.0563231036067009,-0.0786535516381263,0.0605651326477527,-0.99346524477005,-0.6831516027450562,0.6197124123573303,-0.0108016617596149,0.0416868440806865,-0.0636983290314674,0.0747252032160759,-0.9942942261695862,58,3,M1
-0.7838010787963867,0.6252632141113281,-0.570859432220459,-0.0097228232771158,-0.0264602005481719,-0.0731918364763259,0.9969193935394288,-0.707696795463562,0.6291339993476868,-0.5589919686317444,-0.0187655612826347,-0.0271541457623243,-0.0822875276207923,0.9960618615150452,59,4,M1
-0.6917755603790283,0.6268756985664368,0.2357447892427444,-0.0033860367257148,0.0020075615029782,-0.0595716461539268,0.9982163310050964,-0.5938849449157715,0.6203297972679138,0.2327154576778412,-0.0179721768945455,0.0054077398963272,-0.0935716778039932,0.9954356551170348,60,2,M1
-0.6724383234977722,0.6262112855911255,0.3833610415458679,0.0435239225625991,-0.0042295353487133,0.05922781676054,-0.997286319732666,-0.5679500699043274,0.6094024777412415,0.3855442106723785,0.0300780907273292,0.0078149801120162,0.0617829635739326,-0.9976056814193726,61,1,M1
-0.7533164620399475,0.6175782680511475,-0.016929829493165,0.0393774062395095,-0.0471686348319053,0.0736810341477394,-0.9953871965408324,-0.6339430212974548,0.6087355017662048,-0.0170436296612024,0.0117111271247267,-0.0411736592650413,0.0507386624813079,-0.9977941513061525,62,3,M1
-0.6538585424423218,0.6124072670936584,0.1723952442407608,0.0224346667528152,-0.1510746479034423,0.0508612394332885,-0.986958146095276,-0.5629993677139282,0.6268176436424255,0.1591967493295669,0.0081275766715407,-0.1547020524740219,0.0445086695253849,-0.986924648284912,63,4,M1
-0.7724111080169678,0.6341557502746582,-0.2846467196941376,0.018591733649373,-0.0534727647900581,0.0656137838959693,-0.9962378740310668,-0.6824419498443604,0.6291435360908508,-0.2996243238449096,0.0174339562654495,-0.0713684633374214,0.0921451300382614,-0.9930316209793092,64,4,M1
-0.7148102521896362,0.6117859482765198,-0.0846867263317108,0.0189927257597446,0.1040644943714141,0.0921520367264747,-0.9901100993156432,-0.6037068367004395,0.6288368105888367,-0.082661360502243,0.039422333240509,0.0732223317027092,0.0721313953399658,-0.9939222931861876,65,2,M1
-0.7238751649856567,0.6194828152656555,-0.0234434679150581,0.0305777695029974,-0.0901490747928619,0.0748768523335456,-0.9926387071609496,-0.608737051486969,0.6106659173965454,-0.0599310137331485,0.0527751632034778,-0.0857289209961891,0.0580783635377883,-0.9932231903076172,66,3,M1
-0.778080403804779,0.6262902617454529,-0.0172863025218248,0.0192188117653131,-0.1431656181812286,0.061999250203371,-0.987567901611328,-0.6863274574279785,0.6137533783912659,-0.0636090040206909,0.02867460437119,-0.1435019224882125,0.0663175135850906,-0.9870091080665588,67,4,M1
-0.7120848894119263,0.6100509166717529,0.0262698456645011,0.018596950918436,0.1204150840640068,0.0986986011266708,-0.9876299500465392,-0.5983141660690308,0.6233792304992676,0.0279597919434309,0.0325492396950721,0.1046586409211158,0.0685674250125885,-0.9916076064109802,68,1,M1
-0.7552307844161987,0.6159178614616394,0.1004540100693702,-0.0354277268052101,0.0037158534396439,-0.083867646753788,0.995840072631836,-0.6360316872596741,0.6107472777366638,0.1025844067335128,7.582918624393642e-05,-0.0027296741027384,-0.0633528232574462,0.9979875087738036,69,2,M1
-0.682125449180603,0.6149943470954895,-0.0993577390909195,-0.0403818003833293,0.0425491444766521,-0.0674605816602706,0.9959959983825684,-0.5855464935302734,0.6290521025657654,-0.131767451763153,-0.0544696450233459,0.0581512451171875,-0.0467639863491058,0.9957232475280762,70,3,M1
-0.8015304207801819,0.6295133829116821,-0.146377146244049,0.0297771617770195,-0.1051466390490531,0.0639744102954864,-0.9919500350952148,-0.7000293731689453,0.6135267615318298,-0.1683218330144882,0.0159180518239736,-0.0992243960499763,0.0776969194412231,-0.9918993711471558,71,4,M1
-0.7047214508056641,0.6318237781524658,0.2735629677772522,0.044204581528902,0.0367841646075248,0.0760026201605796,-0.9954479336738586,-0.620244562625885,0.6217254996299744,0.279431939125061,0.0405515246093273,0.0185806434601545,0.0816315561532974,-0.9956639409065248,72,1,M1
-0.8110511302947998,0.6152552962303162,-0.3789988160133362,0.0151274083182215,0.0715337172150611,0.103429228067398,-0.9919458031654358,-0.6966426372528076,0.6096649765968323,-0.3833335340023041,0.0412425585091114,0.025935286656022,0.0827870070934295,-0.995375633239746,73,3,M1
-0.6871230602264404,0.6257824897766113,0.1788368374109268,-0.011412713676691,0.0588244125247001,0.0839034095406532,-0.9946706891059875,-0.5879847407341003,0.612934410572052,0.1732595711946487,0.0151650737971067,0.0267055723816156,0.0859449803829193,-0.9958264231681824,74,2,M1
-0.7306856513023376,0.6129971742630005,-0.0305283833295106,0.0325501225888729,-0.2047231197357177,0.0966774746775627,-0.9734898805618286,-0.6180038452148438,0.61573725938797,-0.072070263326168,-0.0182444509118795,-0.1744187325239181,0.0796714127063751,-0.981273591518402,75,4,M1
-0.7011203169822693,0.5196534395217896,0.0920602306723594,-0.0480415038764476,0.1487478613853454,0.0697053745388984,-0.9852448105812072,-0.6109542846679688,0.5249075889587402,0.0962156578898429,-0.0348126515746116,0.1476753205060959,0.0620257072150707,-0.9864750504493712,1,1,T1
-0.6994087100028992,0.5302682518959045,0.0787287279963493,0.0137518355622887,-0.0370141007006168,-0.0984115973114967,0.99436217546463,-0.6250027418136597,0.5223960876464844,0.078302264213562,0.0219060517847538,-0.0502339601516723,-0.1023424640297889,0.9932385683059692,2,2,T1
-0.7544689178466797,0.5285726189613342,-0.1070043444633483,-0.0446671582758426,-0.0315913222730159,0.1094289645552635,-0.992487907409668,-0.673952043056488,0.5328192114830017,-0.1154121086001396,-0.0343020260334014,-0.071173146367073,0.1254671066999435,-0.988946795463562,3,3,T1
-0.7472429275512695,0.5322491526603699,-0.1871853768825531,0.0371021963655948,0.0981998145580291,-0.1033737733960151,0.9890875816345216,-0.6664740443229675,0.528904914855957,-0.2013839185237884,0.0274108462035655,0.1524148881435394,-0.0963735729455947,0.9832245111465454,4,4,T1
-0.6709089279174805,0.5305441617965698,-0.0068471003323793,0.0487698316574096,-0.2233857959508896,-0.1182363554835319,0.9663025140762328,-0.5801308751106262,0.5164439678192139,0.0260072536766529,0.0645651668310165,-0.141720101237297,-0.0909660086035728,0.9836015105247498,5,2,T1
-0.7398893237113953,0.5241311192512512,0.0207188576459884,0.0497954003512859,-0.1082741767168045,-0.0975710228085517,0.988067388534546,-0.6523230075836182,0.5345989465713501,0.0362492315471172,0.0430852770805358,-0.0099608609452843,-0.1319830566644668,0.990265130996704,6,3,T1
-0.6867290139198303,0.5300008058547974,0.303443968296051,0.0516407191753387,-0.1772510409355163,-0.0523311756551265,0.9814158082008362,-0.5870738625526428,0.5235929489135742,0.3389447629451751,0.0438918359577655,-0.0667075663805008,-0.0863247811794281,0.9930617809295654,7,1,T1
-0.8013519048690796,0.5287473797798157,-0.3371898233890533,-0.0398065447807312,-0.180358737707138,0.0911928564310073,-0.9785550832748412,-0.7124319076538086,0.5223177671432495,-0.377867043018341,-0.0349803753197193,-0.1178120374679565,0.0873837992548942,-0.9885649681091307,8,4,T1
-0.7263806462287903,0.5364286303520203,-0.0135490940883755,-0.0822322145104408,0.2127933949232101,0.1015844941139221,-0.9683168530464172,-0.6398828029632568,0.5216319561004639,0.0242210067808628,-0.0599090084433555,0.1435998082160949,0.1013863459229469,-0.9826040863990784,9,2,T1
-0.6896098256111145,0.5354912877082825,-0.0315653681755065,0.0591128841042518,0.0494088381528854,-0.1151140257716178,0.990360140800476,-0.5931125283241272,0.523403525352478,-0.0421153306961059,0.0453985296189785,0.0676842257380485,-0.1004440784454345,0.9915992021560668,10,3,T1
-0.6925253868103027,0.5242456793785095,-0.1075366213917732,0.0299890171736478,0.186455488204956,-0.086496315896511,0.978188931941986,-0.6112784743309021,0.5151222348213196,-0.1611391752958297,0.0198823437094688,0.1765620708465576,-0.069903440773487,0.9816028475761414,11,4,T1
-0.6675545573234558,0.5292902588844299,0.1142400428652763,0.0708781480789184,-0.0937992855906486,-0.0853536874055862,0.9893901348114014,-0.5746870040893555,0.5193081498146057,0.1223905012011528,0.0345526114106178,-0.0627021491527557,-0.0733425542712211,0.9947339296340942,12,2,T1
-0.7456219792366028,0.5309766530990601,-0.0098233856260776,-0.0596413239836692,-0.0309590324759483,0.1134426519274711,-0.9912694692611694,-0.662327766418457,0.5306242108345032,-0.0166263822466135,-0.0482425689697265,-0.1159782484173774,0.1194599643349647,-0.984860897064209,13,3,T1
-0.6832390427589417,0.528764009475708,0.0592663586139678,-0.0282976739108562,-0.0201233103871345,0.1170003861188888,-0.9925246834754944,-0.578220784664154,0.5227558612823486,0.0386328510940074,-0.0095662083476781,0.0195331498980522,0.0999724343419075,-0.9947525262832642,14,2,T1
-0.6686632037162781,0.5332138538360596,0.3475841879844665,0.0685641840100288,-0.0757793858647346,-0.1056539565324783,0.989137887954712,-0.5801434516906738,0.5207342505455017,0.359218567609787,0.0304777733981609,-0.0397187508642673,-0.0995496958494186,0.993772268295288,15,1,T1
-0.711574912071228,0.5353797078132629,-0.3698858618736267,0.0017582669388502,0.0915756598114967,-0.0935548245906829,0.9913921356201172,-0.6219406127929688,0.531385600566864,-0.4072008430957794,0.0077061695046722,0.04728439822793,-0.1021441370248794,0.9936153292655944,16,4,T1
-0.6896663904190063,0.5118866562843323,0.0538281723856925,0.067008264362812,-0.1220971345901489,-0.0641506388783454,0.988173484802246,-0.5930724143981934,0.5317322611808777,0.0868241339921951,0.0675302743911743,-0.0560935698449611,-0.0856174379587173,0.9924529790878296,17,2,T1
-0.7287129759788513,0.5287444591522217,0.0307305417954921,0.0355245806276798,0.1333123445510864,-0.079207569360733,0.98726487159729,-0.6546095609664917,0.5169203877449036,-0.0070454603992402,0.0167977772653102,0.1350753009319305,-0.0683147087693214,0.9883347749710084,18,3,T1
-0.6892102956771851,0.5268256664276123,0.0470064058899879,0.0500344075262546,-0.083973079919815,-0.0952823013067245,0.9906394481658936,-0.5909001231193542,0.5194821953773499,0.0434562303125858,0.0200078375637531,-0.0649990886449813,-0.072743147611618,0.9950292706489564,19,2,T1
-0.7160162329673767,0.526608407497406,0.0889075547456741,0.0386533103883266,-0.0786798223853111,-0.0787020623683929,0.993036448955536,-0.6346359848976135,0.5252512097358704,0.098438374698162,0.0313642844557762,-0.0870123952627182,-0.0840053707361221,0.9921634197235109,20,1,T1
-0.6789818406105042,0.5222738981246948,-0.0117509718984365,0.0338238775730133,0.1054718941450119,-0.0903185233473777,0.989734411239624,-0.5868266224861145,0.5250601172447205,-0.0495021902024745,0.0156065607443451,0.084021970629692,-0.0716179981827735,0.9937644004821776,21,4,T1
-0.7074394822120667,0.5153523683547974,-0.017015915364027,0.0355426706373691,-0.091078445315361,-0.0607664249837398,0.9933524131774902,-0.6103030443191528,0.5245429277420044,-0.0153091289103031,0.017911959439516,-0.1091292202472686,-0.0530004538595676,0.9924520254135132,22,2,T1
-0.673038125038147,0.5274396538734436,0.0104758376255631,0.0413181483745574,0.1205272525548935,-0.072342075407505,0.9892080426216124,-0.5902359485626221,0.5173256993293762,-0.0218789596110582,0.0227909181267023,0.1079015061259269,-0.0674898922443389,0.9916062355041504,23,3,T1
-0.7017686367034912,0.520110011100769,0.0973462015390396,0.0184924267232418,0.0289784017950296,-0.0716029107570648,0.9968407154083252,-0.6227943897247314,0.5297559499740601,0.0680993199348449,0.0048572132363915,0.0394936874508857,-0.0726625770330429,0.9965625405311584,24,4,T1
-0.6811113953590393,0.5215368866920471,-0.0754724368453025,0.0394357852637767,0.009984953328967,-0.0859582349658012,0.9954679012298584,-0.5846465826034546,0.5248101353645325,-0.0954233109951019,0.0168327316641807,0.0062813842669129,-0.0679737031459808,0.99752539396286,25,3,T1
-0.6952663064002991,0.5229021906852722,-0.026234645396471,0.0521007180213928,-0.0992635563015937,-0.0764945521950721,0.9907476902008056,-0.5944441556930542,0.5200853943824768,-0.0215317867696285,0.0289052315056324,-0.0885219424962997,-0.0548509880900383,0.9941427111625672,26,2,T1
-0.6476814150810242,0.5259727835655212,0.1469028741121292,0.0544375255703926,-0.031952254474163,-0.0794399827718734,0.9948391318321228,-0.5752865672111511,0.520328164100647,0.1383437216281891,0.0366396680474281,-0.0138535276055336,-0.0642914324998855,0.997162103652954,27,2,T1
-0.7611494064331055,0.5292673707008362,-0.2959532737731933,0.0512884333729743,0.0898776054382324,-0.0819104015827179,0.9912528395652772,-0.6801354885101318,0.5226341485977173,-0.3095919489860534,0.0405807569622993,0.1142569407820701,-0.0839070081710815,0.989069402217865,28,4,T1
-0.6574051976203918,0.52890944480896,0.2788881659507751,0.0735246390104293,-0.1711043119430542,-0.0658228546380996,0.980298399925232,-0.5805960297584534,0.5168510675430298,0.3036737442016601,0.0415441468358039,-0.1086077615618705,-0.0687753856182098,0.9908321499824524,29,1,T1
-0.7355386018753052,0.5314780473709106,0.1395753920078277,0.0461773574352264,0.0523443557322025,-0.0999805629253387,0.992538034915924,-0.6579602360725403,0.5242963433265686,0.1217807084321975,0.0260674692690372,0.055779431015253,-0.0929251089692115,0.9937676191329956,30,2,T1
-0.675493061542511,0.5168957710266113,0.0247305333614349,0.036756370216608,0.112380564212799,-0.0738181620836258,0.9902376532554626,-0.5841113328933716,0.5251426696777344,-0.0225118957459926,0.0118945222347974,0.0794397220015525,-0.0557070262730121,0.995210826396942,31,3,T1
-0.695772647857666,0.5215154886245728,-0.1930226534605026,0.0268732924014329,0.0776499584317207,-0.0830942094326019,0.9931483268737792,-0.6044172048568726,0.5219506025314331,-0.2268556058406829,0.0167305003851652,0.0727188363671302,-0.0555453598499298,0.9956640601158142,32,4,T1
-0.7157278060913086,0.5205749273300171,-0.1496505588293075,0.0494369678199291,0.0113391121849417,-0.0651916041970253,0.9965829253196716,-0.6387956142425537,0.528644859790802,-0.1466140449047088,0.0568564347922802,0.0336004830896854,-0.0735012590885162,0.9951059818267822,33,3,T1
-0.7068533301353455,0.5291069746017456,0.1138080656528472,0.0740116909146308,-0.0719839707016944,-0.0838936939835548,0.9911117553710938,-0.6371468305587769,0.534519612789154,0.1307603567838668,0.0616026669740676,-0.013213456608355,-0.1025584265589714,0.9927297234535216,34,2,T1
-0.6574154496192932,0.5217700600624084,0.1386201381683349,0.0243201032280921,0.0218205787241458,-0.0818803012371063,0.9961064457893372,-0.5652889609336853,0.5235830545425415,0.106343850493431,0.0134720280766487,0.0351122468709945,-0.0555706545710563,0.9977462291717528,35,3,T1
-0.6816034913063049,0.5184333920478821,-0.1056768968701362,0.0267088953405618,0.0425084643065929,-0.0785730108618736,0.9956434965133668,-0.5946718454360962,0.5273140668869019,-0.1407453119754791,0.009282668121159,0.0477936528623104,-0.0510938987135887,0.9975064396858216,36,4,T1
-0.7239187359809875,0.5277911424636841,-0.2239589691162109,0.0540017187595367,-0.1751105338335037,-0.0811129733920097,0.9797146916389464,-0.6341001391410828,0.5160700082778931,-0.2040937393903732,0.0328366607427597,-0.1904400885105133,-0.0559216663241386,0.9795545339584352,37,1,T1
-0.7561402320861816,0.530302107334137,-0.2693389058113098,0.0441682301461696,-0.0594516843557357,-0.0787223801016807,0.9941416382789612,-0.688435435295105,0.5273749232292175,-0.2596803903579712,0.0343174561858177,-0.0001940145739354,-0.0879833251237869,0.9955306649208068,38,3,T1
-0.6985335946083069,0.5203623175621033,-0.1720990687608719,0.0401632860302925,-0.1363675147294998,-0.0733378529548645,0.9871232509613036,-0.6059450507164001,0.5253803730010986,-0.1627824008464813,0.0190555267035961,-0.1587604582309723,-0.0569914169609546,0.9854867458343506,39,2,T1
-0.7202185392379761,0.52475506067276,0.0970274955034256,0.056167148053646,-0.1486119627952575,-0.0694898888468742,0.9848507642745972,-0.6367517113685608,0.5151809453964233,0.1156860291957855,0.0303409211337566,-0.1322788745164871,-0.0599065050482749,0.9889352917671204,40,1,T1
-0.7331192493438721,0.5266411304473877,-0.2555916607379913,-0.0146612375974655,0.1549934446811676,0.0591586381196975,-0.9860336184501648,-0.6672123074531555,0.5186797380447388,-0.2382971793413162,-0.025742270052433,0.1391875296831131,0.0592190809547901,-0.9881585240364076,41,3,T1
-0.6867268681526184,0.5232106447219849,-0.1888535618782043,-0.0347537063062191,-0.1704075932502746,0.0817783176898956,-0.9813591837882996,-0.6109063625335693,0.5211464166641235,-0.2502753436565399,-0.0213828384876251,-0.1574617773294448,0.0608716756105423,-0.98541522026062,42,4,T1
-0.6891600489616394,0.5211233496665955,-0.2914468050003052,-0.0390692092478275,0.0967120006680488,0.0744036585092544,-0.9917582869529724,-0.5984986424446106,0.5260974168777466,-0.290935605764389,-0.0176009014248847,0.0957231745123863,0.050251979380846,-0.9939829111099244,43,3,T1
-0.7042132019996643,0.5301939845085144,0.0239855106920003,-0.063905693590641,0.1336830258369445,0.0833427160978317,-0.9854435324668884,-0.6223343014717102,0.5166417360305786,0.0365706533193588,-0.0320983007550239,0.1019025072455406,0.0649148225784301,-0.992155134677887,44,2,T1
-0.661215603351593,0.5187128782272339,0.2456993609666824,-0.0513188354671001,0.097165361046791,0.0701829344034195,-0.9914633631706238,-0.5661802887916565,0.5223221778869629,0.2481802999973297,-0.0283609479665756,0.1014695316553115,0.0537129715085029,-0.9929826259613036,45,1,T1
-0.7256144881248474,0.5294309854507446,0.0819934904575347,-0.0171037316322326,0.0296219494193792,0.0824261754751205,-0.9960100650787354,-0.6492407321929932,0.5183711647987366,0.0821378529071807,-0.0335618369281291,0.0240820758044719,0.0703942626714706,-0.9966636300086976,46,2,T1
-0.7060525417327881,0.5225449800491333,-0.0762414708733558,-0.0467614494264125,-0.096161738038063,0.0832437574863433,-0.9907758831977844,-0.6232147216796875,0.520818293094635,-0.1178153082728385,-0.0287855789065361,-0.0803968831896781,0.0556434467434883,-0.9947922825813292,47,3,T1
-0.7255899906158447,0.5291545987129211,-0.2246922254562378,-0.0600574910640716,-0.0914715453982353,0.0752089545130729,-0.991145670413971,-0.6583639979362488,0.5233708024024963,-0.2467478960752487,-0.0408260636031627,-0.1258411705493927,0.0834540948271751,-0.987690567970276,48,4,T1
-0.6905361413955688,0.5197232365608215,-0.2427575439214706,-0.0406792238354682,0.0640357732772827,0.0719137042760849,-0.9945214986801147,-0.5987235307693481,0.5279631614685059,-0.2500283718109131,-0.0227477196604013,0.0903153121471405,0.0623125620186328,-0.9937015771865844,49,3,T1
-0.6836990118026733,0.5139752626419067,0.0292035825550556,-0.0287807360291481,0.1158357262611389,0.0611434616148471,-0.9909668564796448,-0.5961299538612366,0.5263083577156067,0.0298871211707592,-0.0178947877138853,0.1127132624387741,0.0496388375759124,-0.9922255277633668,50,2,T1
-0.6943556666374207,0.5261435508728027,0.2079446911811828,-0.0536976642906665,0.1580701321363449,0.0555240735411644,-0.984402060508728,-0.6228693127632141,0.5211079120635986,0.2370601594448089,-0.0420421808958053,0.1231823712587356,0.058699607849121,-0.9897539615631104,51,1,T1
-0.7037858963012695,0.5299028158187866,-0.0966067835688591,-0.0483745336532592,-0.0725659132003784,0.0832269489765167,-0.9927070736885072,-0.6254313588142395,0.5237863063812256,-0.1098247244954109,-0.0386999957263469,-0.0852064937353134,0.0863237157464027,-0.9918620586395264,52,3,T1
-0.6741254925727844,0.5254504084587097,0.0116850547492504,-0.064631812274456,0.0672527402639389,0.0794229283928871,-0.9924675226211548,-0.5759321451187134,0.5192134976387024,0.0130705619230866,-0.0364196114242076,0.0775380730628967,0.0639804378151893,-0.9942676424980164,53,2,T1
-0.6991555690765381,0.5145948529243469,0.3330290019512176,-0.0462757721543312,0.0792736560106277,0.0753792747855186,-0.9929210543632508,-0.6072450876235962,0.5234012603759766,0.3535555899143219,-0.0632497891783714,0.0702839195728302,0.0478399619460105,-0.9943696856498718,54,1,T1
-0.7801464796066284,0.526982307434082,-0.4197860956192016,-0.0467966198921203,-0.0644613727927208,0.0716363787651062,-0.9942449927330016,-0.7003300786018372,0.521468460559845,-0.4415584206581116,-0.0440202876925468,-0.0216516517102718,0.074860893189907,-0.9959866404533386,55,4,T1
-0.6685314178466797,0.5199335813522339,0.0247918460518121,-0.0505108460783958,0.1013306081295013,0.0820778608322143,-0.9901736974716188,-0.5715872049331665,0.5221591591835022,0.052576083689928,-0.0623524077236652,0.0643125623464584,0.0620783492922782,-0.9940435290336608,56,2,T1
-0.7238542437553406,0.5161750316619873,-0.1144855022430419,-0.0189715884625911,-0.0984698161482811,0.0880141109228134,-0.9910586476325988,-0.6326960921287537,0.5259485244750977,-0.1257459968328476,-0.0406599007546901,-0.0870103910565376,0.0775055736303329,-0.992355227470398,57,3,T1
-0.6704695224761963,0.5146894454956055,0.2625032067298889,-0.0608241632580757,0.1805974245071411,0.0713901594281196,-0.9790753722190856,-0.5845014452934265,0.5264879465103149,0.3047687709331512,-0.0784667208790779,0.153761014342308,0.0680796429514885,-0.982632040977478,58,1,T1
-0.7158575057983398,0.5166293382644653,-0.251447856426239,-0.0321099124848842,-0.0622146837413311,0.0718330144882202,-0.9949564337730408,-0.6257749199867249,0.5279037952423096,-0.2544975280761719,-0.0484608449041843,-0.0409252345561981,0.0685725212097168,-0.995627760887146,59,3,T1
-0.690832793712616,0.5237688422203064,0.2239498794078827,-0.0628844797611236,0.0227214898914098,0.0368821881711483,-0.9970802664756776,-0.6167316436767578,0.5171256065368652,0.2121729254722595,-0.0432423613965511,-0.0024598133750259,0.0503575503826141,-0.9977917075157166,60,2,T1
-0.7199157476425171,0.5299310088157654,0.0913053005933761,-0.0386477746069431,-0.0396012067794799,0.0871201381087303,-0.9946598410606384,-0.6405801177024841,0.5173338651657104,0.0709942281246185,-0.0247375033795833,-0.0382582508027553,0.0745621249079704,-0.9961751699447632,61,2,T1
-0.6883024573326111,0.5285965800285339,0.3514120578765869,-0.0598705448210239,0.0876859948039054,0.0716912373900413,-0.9917595982551576,-0.612549901008606,0.5195729732513428,0.3612743318080902,-0.0416115671396255,0.0429841578006744,0.0761093571782112,-0.9953031539916992,62,1,T1
-0.7069112658500671,0.5301305055618286,-0.3004744350910187,-0.003489006543532,0.1902660131454467,-0.0587284192442894,0.979968249797821,-0.6337707042694092,0.5191105008125305,-0.3508569598197937,0.0162811502814292,0.1713960319757461,-0.0675706267356872,0.982747495174408,63,4,T1
-0.7226231694221497,0.5207960605621338,-0.0343711301684379,0.0432943999767303,-0.1713073253631591,-0.0808189362287521,0.9809422492980956,-0.6388543844223022,0.5306295156478882,-0.0037874751724302,0.0585373677313327,-0.1371907740831375,-0.0784409269690513,0.9856972694396972,64,2,T1
-0.7167720794677734,0.5283578038215637,0.2133252918720245,0.0514512807130813,-0.1602666079998016,-0.084085002541542,0.9821390509605408,-0.6327835917472839,0.516855001449585,0.2397195547819137,0.0354379750788211,-0.1475312858819961,-0.0750436186790466,0.9855695366859436,65,1,T1
-0.6962603330612183,0.5134590864181519,-0.0207832884043455,-0.0240962672978639,-0.1295364499092102,0.0554956346750259,-0.9897271990776062,-0.6146178841590881,0.5279858708381653,-0.072687417268753,-0.0145387891680002,-0.0536028891801834,0.0492352657020092,-0.9972418546676636,66,3,T1
-0.6712314486503601,0.5178079009056091,0.0294981580227613,-0.037424337118864,0.0716661363840103,0.0734590291976928,-0.9940156936645508,-0.5839507579803467,0.5285140872001648,0.0226216297596693,-0.0221490301191806,0.070558987557888,0.0629541054368019,-0.995272696018219,67,2,T1
-0.7369949817657471,0.5337338447570801,-0.040834330022335,-0.0433461032807827,-0.1352443844079971,0.1049748659133911,-0.9842817187309264,-0.6611891984939575,0.5207741856575012,-0.0693530291318893,-0.0264441147446632,-0.1253960877656936,0.0892798602581024,-0.9877275228500366,68,3,T1
-0.703171968460083,0.526148796081543,0.0785648748278617,-0.0224703606218099,0.104034386575222,0.0500205978751182,-0.9930608868598938,-0.6316946744918823,0.5229491591453552,0.0845850855112075,-0.0336132422089576,0.0809839591383934,0.052198089659214,-0.9947799444198608,69,2,T1
-0.711759626865387,0.5311750769615173,0.2318176031112671,-0.0706416368484497,0.1805033832788467,0.0844676718115806,-0.977391242980957,-0.6317165493965149,0.517321765422821,0.2583396434783935,-0.0467368476092815,0.136385902762413,0.0765923932194709,-0.9865841269493104,70,1,T1
-0.7034614682197571,0.5189791321754456,-0.0117008863016963,-0.0303881764411926,-0.1239929348230362,0.0786157324910163,-0.9886970520019532,-0.6223668456077576,0.523777425289154,-0.065888226032257,-0.0103226602077484,-0.0758881941437721,0.0572132654488086,-0.9954200983047484,71,3,T1
-0.6557362675666809,0.524246335029602,0.257321298122406,-0.0110493693500757,0.1616895645856857,0.0538478717207908,-0.9853095412254332,-0.5785858631134033,0.5262477993965149,0.2651799917221069,-0.0151422284543514,0.1389773339033126,0.0671473741531372,-0.9879004955291748,72,1,T1
-0.7353264093399048,0.5312007069587708,-0.0565486475825309,-0.0406243093311786,0.1513026058673858,0.0864702463150024,-0.9838597774505616,-0.6613761782646179,0.5266473293304443,-0.091823786497116,-0.0376545935869216,0.1822631806135177,0.0851594433188438,-0.9788309931755066,73,3,T1
-0.7072651982307434,0.5260558128356934,-0.2748833298683166,-0.0253996737301349,-0.214543879032135,0.0836580470204353,-0.972793459892273,-0.6236131191253662,0.5178852081298828,-0.3309996426105499,-0.0097418781369924,-0.1981564611196518,0.0577558167278766,-0.9784188866615297,74,4,T1
-0.7042987942695618,0.5304418206214905,-0.2261433601379394,-0.0659403055906295,0.0182506088167428,0.0874603390693664,-0.9938156604766846,-0.6217221617698669,0.5195306539535522,-0.2387733161449432,-0.047647837549448,0.0246416795998811,0.0749287903308868,-0.995745062828064,75,3,T1
